{"cameraMode":{"drawMode":0,"name":"Shaded","section":"Shading Mode"},"sceneLighting":true,"audioPlay":false,"sceneViewState":{"m_AlwaysRefresh":false,"showFog":true,"showSkybox":true,"showFlares":true,"showImageEffects":true,"showParticleSystems":true,"showVisualEffectGraphs":true,"m_FxEnabled":true},"in2DMode":false,"pivot":{"x":1.4732005596160889,"y":1.6372636556625367,"z":0.686398983001709},"rotation":{"x":-0.004550990182906389,"y":-0.9888229370117188,"z":0.030861645936965944,"w":-0.1458088606595993},"size":2.301535129547119,"orthographic":false}